<?xml version="1.0"?>
<doc>
    <assembly>
        <name>Il2CppInterop.Generator</name>
    </assembly>
    <members>
        <member name="M:Il2CppInterop.Generator.Contexts.AssemblyRewriteContext.RewriteTypeRef(AsmResolver.DotNet.ITypeDescriptor,Il2CppInterop.Generator.Utils.GenericParameterContext,System.Boolean)">
            <summary>
            Rewrite passes type
            </summary>
            <param name="typeRef">type</param>
            <param name="context">generic context. Ensure you pass NEW types here</param>
            <param name="typeIsBoxed">are we rewriting boxed variant</param>
            <returns>new type</returns>
        </member>
        <member name="M:Il2CppInterop.Generator.Contexts.AssemblyRewriteContext.RewriteTypeRef(AsmResolver.DotNet.Signatures.TypeSignature,Il2CppInterop.Generator.Utils.GenericParameterContext,System.Boolean)">
            <summary>
            Rewrite passes type
            </summary>
            <param name="typeRef">type</param>
            <param name="context">generic context. Ensure you pass NEW types here</param>
            <param name="typeIsBoxed">are we rewriting boxed variant</param>
            <returns>new type</returns>
        </member>
        <member name="M:Il2CppInterop.Generator.Extensions.AsmResolverExtensions.IsPrimitive(AsmResolver.DotNet.Signatures.TypeSignature)">
            <summary>
            Boolean, Char, or numeric type
            </summary>
        </member>
        <member name="M:Il2CppInterop.Generator.Extensions.AsmResolverExtensions.IsPrimitive(AsmResolver.PE.DotNet.Metadata.Tables.ElementType)">
            <summary>
            Boolean, Char, or numeric type
            </summary>
        </member>
        <member name="M:Il2CppInterop.Generator.Extensions.StringEx.GetUnmangledName(AsmResolver.DotNet.Signatures.TypeSignature,AsmResolver.DotNet.TypeDefinition,AsmResolver.DotNet.MethodDefinition)">
            <summary>
            Construct an unmangled name for a type signature.
            </summary>
            <param name="typeRef"></param>
            <param name="declaringType">The declaring type to use for resolving generic type parameter names.</param>
            <param name="declaringMethod">The declaring method to use for resolving generic method parameter names.</param>
            <returns></returns>
        </member>
        <member name="M:Il2CppInterop.Generator.GeneratorOptions.ReadRenameMap(System.String)">
            <summary>
                Reads a rename map from the specified name into the specified instance of options
            </summary>
        </member>
        <member name="M:Il2CppInterop.Generator.GeneratorOptions.ReadRenameMap(System.IO.Stream,System.Boolean)">
            <summary>
                Reads a rename map from the specified name into the specified instance of options.
                The stream is not closed by this method.
            </summary>
        </member>
        <member name="F:Il2CppInterop.Generator.GeneratorOptions.PrefixMode.OptIn">
            <summary>
                Only specified namespaces and assemblies will be renamed.
            </summary>
        </member>
        <member name="F:Il2CppInterop.Generator.GeneratorOptions.PrefixMode.OptOut">
            <summary>
                Only specified namespaces and assemblies will not be renamed.
            </summary>
        </member>
        <member name="P:Il2CppInterop.Generator.Utils.CorlibReferences.TargetFrameworkName">
            <summary>
            This is used in the TargetFrameworkAttribute.
            </summary>
        </member>
        <member name="P:Il2CppInterop.Generator.Utils.GenericParameterContext.Type">
            <summary>
            Gets the object responsible for providing current type arguments generic parameters
            </summary>
        </member>
        <member name="P:Il2CppInterop.Generator.Utils.GenericParameterContext.Method">
            <summary>
            Gets the object responsible for providing current method generic parameters
            </summary>
        </member>
        <member name="T:System.Diagnostics.CodeAnalysis.ExperimentalAttribute">
            <summary>
            Indicates that an API is experimental and it may change in the future.
            </summary>
            <remarks>
            This attribute allows call sites to be flagged with a diagnostic that indicates that an experimental
            feature is used. Authors can use this attribute to ship preview features in their assemblies.
            </remarks>
        </member>
        <member name="M:System.Diagnostics.CodeAnalysis.ExperimentalAttribute.#ctor(System.String)">
            <summary>
            Initializes a new instance of the <see cref="T:System.Diagnostics.CodeAnalysis.ExperimentalAttribute"/> class,
            specifying the ID that the compiler will use when reporting a use of the API the attribute applies to.
            </summary>
            <param name="diagnosticId">The ID that the compiler will use when reporting a use of the API the attribute applies to.</param>
        </member>
        <member name="P:System.Diagnostics.CodeAnalysis.ExperimentalAttribute.DiagnosticId">
            <summary>
            Gets the ID that the compiler will use when reporting a use of the API the attribute applies to.
            </summary>
            <value>The unique diagnostic ID.</value>
            <remarks>
            The diagnostic ID is shown in build output for warnings and errors.
            <para>This property represents the unique ID that can be used to suppress the warnings or errors, if needed.</para>
            </remarks>
        </member>
        <member name="P:System.Diagnostics.CodeAnalysis.ExperimentalAttribute.UrlFormat">
            <summary>
            Gets or sets the URL for corresponding documentation.
            The API accepts a format string instead of an actual URL, creating a generic URL that includes the diagnostic ID.
            </summary>
            <value>The format string that represents a URL to corresponding documentation.</value>
            <remarks>An example format string is <c>https://contoso.com/obsoletion-warnings/{0}</c>.</remarks>
        </member>
        <member name="T:System.Diagnostics.CodeAnalysis.MemberNotNullAttribute">
            <summary>
            Specifies that the method or property will ensure that the listed field and property members have not-null values.
            </summary>
        </member>
        <member name="M:System.Diagnostics.CodeAnalysis.MemberNotNullAttribute.#ctor(System.String)">
            <summary>
            Initializes the attribute with a field or property member.
            </summary>
            <param name="member">The field or property member that is promised to be not-null.</param>
        </member>
        <member name="M:System.Diagnostics.CodeAnalysis.MemberNotNullAttribute.#ctor(System.String[])">
            <summary>
            Initializes the attribute with the list of field and property members.
            </summary>
            <param name="members">The list of field and property members that are promised to be not-null.</param>
        </member>
        <member name="P:System.Diagnostics.CodeAnalysis.MemberNotNullAttribute.Members">
            <summary>
            Gets field or property member names.
            </summary>
        </member>
        <member name="T:System.Diagnostics.CodeAnalysis.MemberNotNullWhenAttribute">
            <summary>
            Specifies that the method or property will ensure that the listed field and property
            members have not-null values when returning with the specified return value condition.
            </summary>
        </member>
        <member name="M:System.Diagnostics.CodeAnalysis.MemberNotNullWhenAttribute.#ctor(System.Boolean,System.String)">
            <summary>
            Initializes the attribute with the specified return value condition and a field or property member.
            </summary>
            <param name="returnValue">The return value condition. If the method returns this value, the associated parameter will not be null.</param>
            <param name="member">The field or property member that is promised to be not-null.</param>
        </member>
        <member name="M:System.Diagnostics.CodeAnalysis.MemberNotNullWhenAttribute.#ctor(System.Boolean,System.String[])">
            <summary>
            Initializes the attribute with the specified return value condition and list of field and property members.
            </summary>
            <param name="returnValue">The return value condition. If the method returns this value, the associated parameter will not be null.</param>
            <param name="members">The list of field and property members that are promised to be not-null.</param>
        </member>
        <member name="P:System.Diagnostics.CodeAnalysis.MemberNotNullWhenAttribute.ReturnValue">
            <summary>
            Gets the return value condition.
            </summary>
        </member>
        <member name="P:System.Diagnostics.CodeAnalysis.MemberNotNullWhenAttribute.Members">
            <summary>
            Gets field or property member names.
            </summary>
        </member>
        <member name="T:System.Diagnostics.CodeAnalysis.SetsRequiredMembersAttribute">
            <summary>
            Specifies that this constructor sets all required members for the current type,
            and callers do not need to set any required members themselves.
            </summary>
        </member>
        <member name="T:System.Diagnostics.CodeAnalysis.StringSyntaxAttribute">
            <summary>
            Specifies the syntax used in a string.
            </summary>
        </member>
        <member name="M:System.Diagnostics.CodeAnalysis.StringSyntaxAttribute.#ctor(System.String)">
            <summary>
            Initializes the <see cref="T:System.Diagnostics.CodeAnalysis.StringSyntaxAttribute"/> with the identifier of the syntax used.
            </summary>
            <param name="syntax">The syntax identifier.</param>
        </member>
        <member name="M:System.Diagnostics.CodeAnalysis.StringSyntaxAttribute.#ctor(System.String,System.Object[])">
            <summary>Initializes the <see cref="T:System.Diagnostics.CodeAnalysis.StringSyntaxAttribute"/> with the identifier of the syntax used.</summary>
            <param name="syntax">The syntax identifier.</param>
            <param name="arguments">Optional arguments associated with the specific syntax employed.</param>
        </member>
        <member name="P:System.Diagnostics.CodeAnalysis.StringSyntaxAttribute.Syntax">
            <summary>Gets the identifier of the syntax used.</summary>
        </member>
        <member name="P:System.Diagnostics.CodeAnalysis.StringSyntaxAttribute.Arguments">
            <summary>Optional arguments associated with the specific syntax employed.</summary>
        </member>
        <member name="F:System.Diagnostics.CodeAnalysis.StringSyntaxAttribute.CompositeFormat">
            <summary>The syntax identifier for strings containing composite formats for string formatting.</summary>
        </member>
        <member name="F:System.Diagnostics.CodeAnalysis.StringSyntaxAttribute.DateOnlyFormat">
            <summary>The syntax identifier for strings containing date format specifiers.</summary>
        </member>
        <member name="F:System.Diagnostics.CodeAnalysis.StringSyntaxAttribute.DateTimeFormat">
            <summary>The syntax identifier for strings containing date and time format specifiers.</summary>
        </member>
        <member name="F:System.Diagnostics.CodeAnalysis.StringSyntaxAttribute.EnumFormat">
            <summary>The syntax identifier for strings containing <see cref="T:System.Enum"/> format specifiers.</summary>
        </member>
        <member name="F:System.Diagnostics.CodeAnalysis.StringSyntaxAttribute.GuidFormat">
            <summary>The syntax identifier for strings containing <see cref="T:System.Guid"/> format specifiers.</summary>
        </member>
        <member name="F:System.Diagnostics.CodeAnalysis.StringSyntaxAttribute.Json">
            <summary>The syntax identifier for strings containing JavaScript Object Notation (JSON).</summary>
        </member>
        <member name="F:System.Diagnostics.CodeAnalysis.StringSyntaxAttribute.NumericFormat">
            <summary>The syntax identifier for strings containing numeric format specifiers.</summary>
        </member>
        <member name="F:System.Diagnostics.CodeAnalysis.StringSyntaxAttribute.Regex">
            <summary>The syntax identifier for strings containing regular expressions.</summary>
        </member>
        <member name="F:System.Diagnostics.CodeAnalysis.StringSyntaxAttribute.TimeOnlyFormat">
            <summary>The syntax identifier for strings containing time format specifiers.</summary>
        </member>
        <member name="F:System.Diagnostics.CodeAnalysis.StringSyntaxAttribute.TimeSpanFormat">
            <summary>The syntax identifier for strings containing <see cref="T:System.TimeSpan"/> format specifiers.</summary>
        </member>
        <member name="F:System.Diagnostics.CodeAnalysis.StringSyntaxAttribute.Uri">
            <summary>The syntax identifier for strings containing URIs.</summary>
        </member>
        <member name="F:System.Diagnostics.CodeAnalysis.StringSyntaxAttribute.Xml">
            <summary>The syntax identifier for strings containing XML.</summary>
        </member>
        <member name="M:System.Runtime.CompilerServices.CollectionBuilderAttribute.#ctor(System.Type,System.String)">
            <summary>
            Initialize the attribute to refer to the <paramref name="methodName"/> method on the <paramref name="builderType"/> type.
            </summary>
            <param name="builderType">The type of the builder to use to construct the collection.</param>
            <param name="methodName">The name of the method on the builder to use to construct the collection.</param>
            <remarks>
            <paramref name="methodName"/> must refer to a static method that accepts a single parameter of
            type <see cref="T:System.ReadOnlySpan`1"/> and returns an instance of the collection being built containing
            a copy of the data from that span.  In future releases of .NET, additional patterns may be supported.
            </remarks>
        </member>
        <member name="P:System.Runtime.CompilerServices.CollectionBuilderAttribute.BuilderType">
            <summary>
            Gets the type of the builder to use to construct the collection.
            </summary>
        </member>
        <member name="P:System.Runtime.CompilerServices.CollectionBuilderAttribute.MethodName">
            <summary>
            Gets the name of the method on the builder to use to construct the collection.
            </summary>
            <remarks>
            This should match the metadata name of the target method.
            For example, this might be ".ctor" if targeting the type's constructor.
            </remarks>
        </member>
        <member name="T:System.Runtime.CompilerServices.CompilerFeatureRequiredAttribute">
            <summary>
            Indicates that compiler support for a particular feature is required for the location where this attribute is applied.
            </summary>
        </member>
        <member name="M:System.Runtime.CompilerServices.CompilerFeatureRequiredAttribute.#ctor(System.String)">
            <summary>
            Creates a new instance of the <see cref="T:System.Runtime.CompilerServices.CompilerFeatureRequiredAttribute"/> type.
            </summary>
            <param name="featureName">The name of the feature to indicate.</param>
        </member>
        <member name="P:System.Runtime.CompilerServices.CompilerFeatureRequiredAttribute.FeatureName">
            <summary>
            The name of the compiler feature.
            </summary>
        </member>
        <member name="P:System.Runtime.CompilerServices.CompilerFeatureRequiredAttribute.IsOptional">
            <summary>
            If true, the compiler can choose to allow access to the location where this attribute is applied if it does not understand <see cref="P:System.Runtime.CompilerServices.CompilerFeatureRequiredAttribute.FeatureName"/>.
            </summary>
        </member>
        <member name="F:System.Runtime.CompilerServices.CompilerFeatureRequiredAttribute.RefStructs">
            <summary>
            The <see cref="P:System.Runtime.CompilerServices.CompilerFeatureRequiredAttribute.FeatureName"/> used for the ref structs C# feature.
            </summary>
        </member>
        <member name="F:System.Runtime.CompilerServices.CompilerFeatureRequiredAttribute.RequiredMembers">
            <summary>
            The <see cref="P:System.Runtime.CompilerServices.CompilerFeatureRequiredAttribute.FeatureName"/> used for the required members C# feature.
            </summary>
        </member>
        <member name="T:System.Runtime.CompilerServices.IsExternalInit">
            <summary>
            Reserved to be used by the compiler for tracking metadata.
            This class should not be used by developers in source code.
            </summary>
        </member>
        <member name="T:System.Runtime.CompilerServices.RequiredMemberAttribute">
            <summary>
            Specifies that a type has required members or that a member is required.
            </summary>
        </member>
        <member name="T:System.Runtime.CompilerServices.RequiresLocationAttribute">
            <summary>
            Reserved for use by a compiler for tracking metadata.
            This attribute should not be used by developers in source code.
            </summary>
        </member>
        <member name="T:System.Runtime.CompilerServices.SkipLocalsInitAttribute">
            <summary>
            Used to indicate to the compiler that the <c>.locals init</c> flag should not be set in method headers.
            </summary>
        </member>
        <member name="M:System.Runtime.Versioning.RequiresPreviewFeaturesAttribute.#ctor">
            <summary>
            Initializes a new instance of the <see cref="T:System.Runtime.Versioning.RequiresPreviewFeaturesAttribute"/> class.
            </summary>
        </member>
        <member name="M:System.Runtime.Versioning.RequiresPreviewFeaturesAttribute.#ctor(System.String)">
            <summary>
            Initializes a new instance of the <see cref="T:System.Runtime.Versioning.RequiresPreviewFeaturesAttribute"/> class with the specified message.
            </summary>
            <param name="message">An optional message associated with this attribute instance.</param>
        </member>
        <member name="P:System.Runtime.Versioning.RequiresPreviewFeaturesAttribute.Message">
            <summary>
            Returns the optional message associated with this attribute instance.
            </summary>
        </member>
        <member name="P:System.Runtime.Versioning.RequiresPreviewFeaturesAttribute.Url">
            <summary>
            Returns the optional URL associated with this attribute instance.
            </summary>
        </member>
    </members>
</doc>
