<?xml version="1.0"?>
<doc>
    <assembly>
        <name>Il2CppInterop.Runtime</name>
    </assembly>
    <members>
        <member name="T:Il2CppInterop.Runtime.Attributes.HideFromIl2CppAttribute">
            <summary>
                This attribute indicates that the target should not be exposed to IL2CPP in injected classes
            </summary>
        </member>
        <member name="F:Il2CppInterop.Runtime.Injection.ClassInjector.InjectedTypes">
            <summary> type.FullName </summary>
        </member>
        <member name="F:Il2CppInterop.Runtime.Injection.ClassInjector.InflatedMethodFromContextDictionary">
            <summary> (method) : (method_inst, method) </summary>
        </member>
        <member name="T:Il2CppInterop.Runtime.Injection.Hooks.Class_FromIl2CppType_Hook.Il2CppType">
            Common version of the Il2CppType, the only thing that changed between unity version are the bitfields values that we don't use
        </member>
        <member name="F:Il2CppInterop.Runtime.Injection.InjectorHelpers.s_ClassNameLookup">
            <summary> (namespace, class, image) : class </summary>
        </member>
        <member name="P:Il2CppInterop.Runtime.InteropTypes.Arrays.Il2CppArrayBase.ArrayStartPointer">
            <summary>
            The pointer to the first element in the array.
            </summary>
        </member>
        <member name="T:System.Diagnostics.CodeAnalysis.ExperimentalAttribute">
            <summary>
            Indicates that an API is experimental and it may change in the future.
            </summary>
            <remarks>
            This attribute allows call sites to be flagged with a diagnostic that indicates that an experimental
            feature is used. Authors can use this attribute to ship preview features in their assemblies.
            </remarks>
        </member>
        <member name="M:System.Diagnostics.CodeAnalysis.ExperimentalAttribute.#ctor(System.String)">
            <summary>
            Initializes a new instance of the <see cref="T:System.Diagnostics.CodeAnalysis.ExperimentalAttribute"/> class,
            specifying the ID that the compiler will use when reporting a use of the API the attribute applies to.
            </summary>
            <param name="diagnosticId">The ID that the compiler will use when reporting a use of the API the attribute applies to.</param>
        </member>
        <member name="P:System.Diagnostics.CodeAnalysis.ExperimentalAttribute.DiagnosticId">
            <summary>
            Gets the ID that the compiler will use when reporting a use of the API the attribute applies to.
            </summary>
            <value>The unique diagnostic ID.</value>
            <remarks>
            The diagnostic ID is shown in build output for warnings and errors.
            <para>This property represents the unique ID that can be used to suppress the warnings or errors, if needed.</para>
            </remarks>
        </member>
        <member name="P:System.Diagnostics.CodeAnalysis.ExperimentalAttribute.UrlFormat">
            <summary>
            Gets or sets the URL for corresponding documentation.
            The API accepts a format string instead of an actual URL, creating a generic URL that includes the diagnostic ID.
            </summary>
            <value>The format string that represents a URL to corresponding documentation.</value>
            <remarks>An example format string is <c>https://contoso.com/obsoletion-warnings/{0}</c>.</remarks>
        </member>
        <member name="T:System.Diagnostics.CodeAnalysis.SetsRequiredMembersAttribute">
            <summary>
            Specifies that this constructor sets all required members for the current type,
            and callers do not need to set any required members themselves.
            </summary>
        </member>
        <member name="T:System.Diagnostics.CodeAnalysis.StringSyntaxAttribute">
            <summary>
            Specifies the syntax used in a string.
            </summary>
        </member>
        <member name="M:System.Diagnostics.CodeAnalysis.StringSyntaxAttribute.#ctor(System.String)">
            <summary>
            Initializes the <see cref="T:System.Diagnostics.CodeAnalysis.StringSyntaxAttribute"/> with the identifier of the syntax used.
            </summary>
            <param name="syntax">The syntax identifier.</param>
        </member>
        <member name="M:System.Diagnostics.CodeAnalysis.StringSyntaxAttribute.#ctor(System.String,System.Object[])">
            <summary>Initializes the <see cref="T:System.Diagnostics.CodeAnalysis.StringSyntaxAttribute"/> with the identifier of the syntax used.</summary>
            <param name="syntax">The syntax identifier.</param>
            <param name="arguments">Optional arguments associated with the specific syntax employed.</param>
        </member>
        <member name="P:System.Diagnostics.CodeAnalysis.StringSyntaxAttribute.Syntax">
            <summary>Gets the identifier of the syntax used.</summary>
        </member>
        <member name="P:System.Diagnostics.CodeAnalysis.StringSyntaxAttribute.Arguments">
            <summary>Optional arguments associated with the specific syntax employed.</summary>
        </member>
        <member name="F:System.Diagnostics.CodeAnalysis.StringSyntaxAttribute.CompositeFormat">
            <summary>The syntax identifier for strings containing composite formats for string formatting.</summary>
        </member>
        <member name="F:System.Diagnostics.CodeAnalysis.StringSyntaxAttribute.DateOnlyFormat">
            <summary>The syntax identifier for strings containing date format specifiers.</summary>
        </member>
        <member name="F:System.Diagnostics.CodeAnalysis.StringSyntaxAttribute.DateTimeFormat">
            <summary>The syntax identifier for strings containing date and time format specifiers.</summary>
        </member>
        <member name="F:System.Diagnostics.CodeAnalysis.StringSyntaxAttribute.EnumFormat">
            <summary>The syntax identifier for strings containing <see cref="T:System.Enum"/> format specifiers.</summary>
        </member>
        <member name="F:System.Diagnostics.CodeAnalysis.StringSyntaxAttribute.GuidFormat">
            <summary>The syntax identifier for strings containing <see cref="T:System.Guid"/> format specifiers.</summary>
        </member>
        <member name="F:System.Diagnostics.CodeAnalysis.StringSyntaxAttribute.Json">
            <summary>The syntax identifier for strings containing JavaScript Object Notation (JSON).</summary>
        </member>
        <member name="F:System.Diagnostics.CodeAnalysis.StringSyntaxAttribute.NumericFormat">
            <summary>The syntax identifier for strings containing numeric format specifiers.</summary>
        </member>
        <member name="F:System.Diagnostics.CodeAnalysis.StringSyntaxAttribute.Regex">
            <summary>The syntax identifier for strings containing regular expressions.</summary>
        </member>
        <member name="F:System.Diagnostics.CodeAnalysis.StringSyntaxAttribute.TimeOnlyFormat">
            <summary>The syntax identifier for strings containing time format specifiers.</summary>
        </member>
        <member name="F:System.Diagnostics.CodeAnalysis.StringSyntaxAttribute.TimeSpanFormat">
            <summary>The syntax identifier for strings containing <see cref="T:System.TimeSpan"/> format specifiers.</summary>
        </member>
        <member name="F:System.Diagnostics.CodeAnalysis.StringSyntaxAttribute.Uri">
            <summary>The syntax identifier for strings containing URIs.</summary>
        </member>
        <member name="F:System.Diagnostics.CodeAnalysis.StringSyntaxAttribute.Xml">
            <summary>The syntax identifier for strings containing XML.</summary>
        </member>
        <member name="T:System.Diagnostics.CodeAnalysis.UnscopedRefAttribute">
            <summary>
            Used to indicate a byref escapes and is not scoped.
            </summary>
            <remarks>
            <para>
            There are several cases where the C# compiler treats a <see langword="ref"/> as implicitly
            <see langword="scoped"/> - where the compiler does not allow the <see langword="ref"/> to escape the method.
            </para>
            <para>
            For example:
            <list type="number">
                <item><see langword="this"/> for <see langword="struct"/> instance methods.</item>
                <item><see langword="ref"/> parameters that refer to <see langword="ref"/> <see langword="struct"/> types.</item>
                <item><see langword="out"/> parameters.</item>
            </list>
            </para>
            <para>
            This attribute is used in those instances where the <see langword="ref"/> should be allowed to escape.
            </para>
            <para>
            Applying this attribute, in any form, has impact on consumers of the applicable API. It is necessary for
            API authors to understand the lifetime implications of applying this attribute and how it may impact their users.
            </para>
            </remarks>
        </member>
        <member name="M:System.Runtime.CompilerServices.CollectionBuilderAttribute.#ctor(System.Type,System.String)">
            <summary>
            Initialize the attribute to refer to the <paramref name="methodName"/> method on the <paramref name="builderType"/> type.
            </summary>
            <param name="builderType">The type of the builder to use to construct the collection.</param>
            <param name="methodName">The name of the method on the builder to use to construct the collection.</param>
            <remarks>
            <paramref name="methodName"/> must refer to a static method that accepts a single parameter of
            type <see cref="T:System.ReadOnlySpan`1"/> and returns an instance of the collection being built containing
            a copy of the data from that span.  In future releases of .NET, additional patterns may be supported.
            </remarks>
        </member>
        <member name="P:System.Runtime.CompilerServices.CollectionBuilderAttribute.BuilderType">
            <summary>
            Gets the type of the builder to use to construct the collection.
            </summary>
        </member>
        <member name="P:System.Runtime.CompilerServices.CollectionBuilderAttribute.MethodName">
            <summary>
            Gets the name of the method on the builder to use to construct the collection.
            </summary>
            <remarks>
            This should match the metadata name of the target method.
            For example, this might be ".ctor" if targeting the type's constructor.
            </remarks>
        </member>
        <member name="T:System.Runtime.CompilerServices.CompilerFeatureRequiredAttribute">
            <summary>
            Indicates that compiler support for a particular feature is required for the location where this attribute is applied.
            </summary>
        </member>
        <member name="M:System.Runtime.CompilerServices.CompilerFeatureRequiredAttribute.#ctor(System.String)">
            <summary>
            Creates a new instance of the <see cref="T:System.Runtime.CompilerServices.CompilerFeatureRequiredAttribute"/> type.
            </summary>
            <param name="featureName">The name of the feature to indicate.</param>
        </member>
        <member name="P:System.Runtime.CompilerServices.CompilerFeatureRequiredAttribute.FeatureName">
            <summary>
            The name of the compiler feature.
            </summary>
        </member>
        <member name="P:System.Runtime.CompilerServices.CompilerFeatureRequiredAttribute.IsOptional">
            <summary>
            If true, the compiler can choose to allow access to the location where this attribute is applied if it does not understand <see cref="P:System.Runtime.CompilerServices.CompilerFeatureRequiredAttribute.FeatureName"/>.
            </summary>
        </member>
        <member name="F:System.Runtime.CompilerServices.CompilerFeatureRequiredAttribute.RefStructs">
            <summary>
            The <see cref="P:System.Runtime.CompilerServices.CompilerFeatureRequiredAttribute.FeatureName"/> used for the ref structs C# feature.
            </summary>
        </member>
        <member name="F:System.Runtime.CompilerServices.CompilerFeatureRequiredAttribute.RequiredMembers">
            <summary>
            The <see cref="P:System.Runtime.CompilerServices.CompilerFeatureRequiredAttribute.FeatureName"/> used for the required members C# feature.
            </summary>
        </member>
        <member name="T:System.Runtime.CompilerServices.RequiredMemberAttribute">
            <summary>
            Specifies that a type has required members or that a member is required.
            </summary>
        </member>
        <member name="T:System.Runtime.CompilerServices.RequiresLocationAttribute">
            <summary>
            Reserved for use by a compiler for tracking metadata.
            This attribute should not be used by developers in source code.
            </summary>
        </member>
    </members>
</doc>
